,Orig,Pred
0,13152442794,62329722255.40282
1,61051010162,61757179480.62513
2,63918849651,60767259061.471954
3,75114137032,59982669247.72884
4,40496460791,59492181034.68067
5,36851686235,58766160584.71402
