,Dependent,Variable,p-value,R-square,Adj-R2,AIC,MAPE,MAE,MSE,RMSE,VIF,Contribution_percent(last_12),Contribution(last_12),Contribution_percent(rest),Contribution(rest),Estimate,t-value,Std_Error,F-stat,p-val(F-stat),DW-stat
0,2150513627586,const,1.640228205385129e-11,0.08369272033709552,0.056742506229363165,1766.1463254774224,15.501770863749423,7655291403.560918,1.0607011107868004e+20,10299034473.128054,12.80142034640393,129.16473549486165,748841724399.6022,95.24226606931691,1496024111546.5366,62357384331.83717,9.867377815270121,6319549681.713503,3.1054566024053454,0.08701959778498414,1.8312081029723493
1,2150513627586,Digital_Social_Impression_asl_1_1_1_0,0.08701959778498454,0.08369272033709552,0.056742506229363165,1766.1463254774224,15.501770863749423,7655291403.560918,1.0607011107868004e+20,10299034473.128054,1.0,-29.164735494861667,-169084624653.6022,-13.74192413310307,-215852170371.5368,-7.824536604782484,-1.7622305758343142,4.440132132583171,3.1054566024053454,0.08701959778498414,1.8312081029723493
